Property,Score
Column Shapes,0.9234053811659193
Column Pair Trends,0.9558220432754042
