Property,Score
Column Shapes,0.8421223902211954
Column Pair Trends,0.6999360870496847
