Property,Score
Column Shapes,0.6550329293312416
Column Pair Trends,0.40944618628100515
