Property,Score
Column Shapes,0.989235470579108
Column Pair Trends,0.9021072801653117
