Property,Score
Column Shapes,0.48771300448430494
Column Pair Trends,0.976938948544229
